{"cameraMode":{"drawMode":0,"name":"Shaded","section":"Shading Mode"},"sceneLighting":true,"audioPlay":false,"sceneViewState":{"showFog":true,"showMaterialUpdate":true,"showSkybox":true,"showFlares":true,"showImageEffects":true,"showParticleSystems":true},"in2DMode":false,"pivot":{"x":-25.25547218322754,"y":-5.027155876159668,"z":-4.98653507232666},"rotation":{"x":0.10819383710622788,"y":-0.859394371509552,"z":0.2037707418203354,"w":0.4563036262989044},"size":56.00284194946289,"orthographic":false}